{"cameraMode":{"drawMode":0,"name":"Shaded","section":"Shading Mode"},"sceneLighting":false,"audioPlay":false,"sceneViewState":{"showFog":true,"showMaterialUpdate":false,"showSkybox":false,"showFlares":true,"showImageEffects":true,"showParticleSystems":true},"in2DMode":false,"pivot":{"x":-23.182952880859376,"y":-4.828325271606445,"z":2.642414093017578},"rotation":{"x":0.060970377177000049,"y":-0.9297294020652771,"z":0.17958782613277436,"w":0.31564879417419436},"size":61.3256950378418,"orthographic":false}