{"cameraMode":{"drawMode":0,"name":"Shaded","section":"Shading Mode"},"sceneLighting":true,"audioPlay":false,"sceneViewState":{"showFog":true,"showMaterialUpdate":false,"showSkybox":true,"showFlares":true,"showImageEffects":true,"showParticleSystems":true},"in2DMode":false,"pivot":{"x":392.3778381347656,"y":131.04876708984376,"z":-178.3271484375},"rotation":{"x":-0.0011514673242345453,"y":-0.9957373142242432,"z":0.0913713201880455,"w":-0.012542841024696827},"size":1036.3349609375,"orthographic":false}