{"cameraMode":{"drawMode":0,"name":"Shaded","section":"Shading Mode"},"sceneLighting":false,"audioPlay":false,"sceneViewState":{"showFog":true,"showMaterialUpdate":false,"showSkybox":false,"showFlares":true,"showImageEffects":true,"showParticleSystems":true},"in2DMode":false,"pivot":{"x":377.79998779296877,"y":81.15628814697266,"z":-46.0},"rotation":{"x":0.0051450240425765518,"y":0.9693132042884827,"z":-0.24493063986301423,"w":0.020360348746180536},"size":119.3724594116211,"orthographic":false}